{
  "hash": "4ee1cf27",
  "configHash": "2eec9d06",
  "lockfileHash": "3186a657",
  "browserHash": "22a19107",
  "optimized": {
    "@angular/cdk/bidi": {
      "src": "../../../../../../node_modules/@angular/cdk/fesm2022/bidi.mjs",
      "file": "@angular_cdk_bidi.js",
      "fileHash": "6a86e97f",
      "needsInterop": false
    },
    "@angular/cdk/text-field": {
      "src": "../../../../../../node_modules/@angular/cdk/fesm2022/text-field.mjs",
      "file": "@angular_cdk_text-field.js",
      "fileHash": "797acf3b",
      "needsInterop": false
    },
    "@angular/common": {
      "src": "../../../../../../node_modules/@angular/common/fesm2022/common.mjs",
      "file": "@angular_common.js",
      "fileHash": "74b5063d",
      "needsInterop": false
    },
    "@angular/common/http": {
      "src": "../../../../../../node_modules/@angular/common/fesm2022/http.mjs",
      "file": "@angular_common_http.js",
      "fileHash": "12a3ef73",
      "needsInterop": false
    },
    "@angular/core": {
      "src": "../../../../../../node_modules/@angular/core/fesm2022/core.mjs",
      "file": "@angular_core.js",
      "fileHash": "12ece5cf",
      "needsInterop": false
    },
    "@angular/forms": {
      "src": "../../../../../../node_modules/@angular/forms/fesm2022/forms.mjs",
      "file": "@angular_forms.js",
      "fileHash": "b59bc1ea",
      "needsInterop": false
    },
    "@angular/material/button": {
      "src": "../../../../../../node_modules/@angular/material/fesm2022/button.mjs",
      "file": "@angular_material_button.js",
      "fileHash": "0fc33bf5",
      "needsInterop": false
    },
    "@angular/material/card": {
      "src": "../../../../../../node_modules/@angular/material/fesm2022/card.mjs",
      "file": "@angular_material_card.js",
      "fileHash": "257f2a96",
      "needsInterop": false
    },
    "@angular/material/form-field": {
      "src": "../../../../../../node_modules/@angular/material/fesm2022/form-field.mjs",
      "file": "@angular_material_form-field.js",
      "fileHash": "11eb39a4",
      "needsInterop": false
    },
    "@angular/material/grid-list": {
      "src": "../../../../../../node_modules/@angular/material/fesm2022/grid-list.mjs",
      "file": "@angular_material_grid-list.js",
      "fileHash": "0decd97c",
      "needsInterop": false
    },
    "@angular/material/icon": {
      "src": "../../../../../../node_modules/@angular/material/fesm2022/icon.mjs",
      "file": "@angular_material_icon.js",
      "fileHash": "2639f111",
      "needsInterop": false
    },
    "@angular/material/input": {
      "src": "../../../../../../node_modules/@angular/material/fesm2022/input.mjs",
      "file": "@angular_material_input.js",
      "fileHash": "350acd12",
      "needsInterop": false
    },
    "@angular/platform-browser": {
      "src": "../../../../../../node_modules/@angular/platform-browser/fesm2022/platform-browser.mjs",
      "file": "@angular_platform-browser.js",
      "fileHash": "890a2594",
      "needsInterop": false
    },
    "@angular/router": {
      "src": "../../../../../../node_modules/@angular/router/fesm2022/router.mjs",
      "file": "@angular_router.js",
      "fileHash": "bf29da94",
      "needsInterop": false
    },
    "rxjs": {
      "src": "../../../../../../node_modules/rxjs/dist/esm5/index.js",
      "file": "rxjs.js",
      "fileHash": "27341584",
      "needsInterop": false
    },
    "tslib": {
      "src": "../../../../../../node_modules/tslib/tslib.es6.mjs",
      "file": "tslib.js",
      "fileHash": "712d6e8e",
      "needsInterop": false
    },
    "@angular/material/list": {
      "src": "../../../../../../node_modules/@angular/material/fesm2022/list.mjs",
      "file": "@angular_material_list.js",
      "fileHash": "d2bc8f39",
      "needsInterop": false
    },
    "@angular/material/sidenav": {
      "src": "../../../../../../node_modules/@angular/material/fesm2022/sidenav.mjs",
      "file": "@angular_material_sidenav.js",
      "fileHash": "bd85109d",
      "needsInterop": false
    },
    "@angular/material/toolbar": {
      "src": "../../../../../../node_modules/@angular/material/fesm2022/toolbar.mjs",
      "file": "@angular_material_toolbar.js",
      "fileHash": "2de1be0c",
      "needsInterop": false
    },
    "@angular/cdk/layout": {
      "src": "../../../../../../node_modules/@angular/cdk/fesm2022/layout.mjs",
      "file": "@angular_cdk_layout.js",
      "fileHash": "dead3a32",
      "needsInterop": false
    },
    "@angular/material/tooltip": {
      "src": "../../../../../../node_modules/@angular/material/fesm2022/tooltip.mjs",
      "file": "@angular_material_tooltip.js",
      "fileHash": "2218cc22",
      "needsInterop": false
    },
    "@angular/material/progress-bar": {
      "src": "../../../../../../node_modules/@angular/material/fesm2022/progress-bar.mjs",
      "file": "@angular_material_progress-bar.js",
      "fileHash": "55d833a8",
      "needsInterop": false
    },
    "@angular/material/chips": {
      "src": "../../../../../../node_modules/@angular/material/fesm2022/chips.mjs",
      "file": "@angular_material_chips.js",
      "fileHash": "469366ac",
      "needsInterop": false
    },
    "@angular/material/table": {
      "src": "../../../../../../node_modules/@angular/material/fesm2022/table.mjs",
      "file": "@angular_material_table.js",
      "fileHash": "6c2228b6",
      "needsInterop": false
    },
    "@angular/material/paginator": {
      "src": "../../../../../../node_modules/@angular/material/fesm2022/paginator.mjs",
      "file": "@angular_material_paginator.js",
      "fileHash": "457b3f1e",
      "needsInterop": false
    },
    "@angular/material/select": {
      "src": "../../../../../../node_modules/@angular/material/fesm2022/select.mjs",
      "file": "@angular_material_select.js",
      "fileHash": "9e7c98bd",
      "needsInterop": false
    },
    "@angular/cdk/scrolling": {
      "src": "../../../../../../node_modules/@angular/cdk/fesm2022/scrolling.mjs",
      "file": "@angular_cdk_scrolling.js",
      "fileHash": "665d2d6b",
      "needsInterop": false
    },
    "@angular/material/datepicker": {
      "src": "../../../../../../node_modules/@angular/material/fesm2022/datepicker.mjs",
      "file": "@angular_material_datepicker.js",
      "fileHash": "874c68ae",
      "needsInterop": false
    },
    "@angular/material/core": {
      "src": "../../../../../../node_modules/@angular/material/fesm2022/core.mjs",
      "file": "@angular_material_core.js",
      "fileHash": "a1d36432",
      "needsInterop": false
    },
    "@angular/material/timepicker": {
      "src": "../../../../../../node_modules/@angular/material/fesm2022/timepicker.mjs",
      "file": "@angular_material_timepicker.js",
      "fileHash": "2c27fa50",
      "needsInterop": false
    }
  },
  "chunks": {
    "chunk-CPCQ4626": {
      "file": "chunk-CPCQ4626.js"
    },
    "chunk-XC6B4L6R": {
      "file": "chunk-XC6B4L6R.js"
    },
    "chunk-DVOBBIRH": {
      "file": "chunk-DVOBBIRH.js"
    },
    "chunk-FGLJ6OOH": {
      "file": "chunk-FGLJ6OOH.js"
    },
    "chunk-LI7EGPEG": {
      "file": "chunk-LI7EGPEG.js"
    },
    "chunk-4N7U75SU": {
      "file": "chunk-4N7U75SU.js"
    },
    "chunk-GSFG6VEJ": {
      "file": "chunk-GSFG6VEJ.js"
    },
    "chunk-D747JW7G": {
      "file": "chunk-D747JW7G.js"
    },
    "chunk-LKQZWRZU": {
      "file": "chunk-LKQZWRZU.js"
    },
    "chunk-PYWPOX2Z": {
      "file": "chunk-PYWPOX2Z.js"
    },
    "chunk-7FRXKH2Y": {
      "file": "chunk-7FRXKH2Y.js"
    },
    "chunk-R5CAFNON": {
      "file": "chunk-R5CAFNON.js"
    },
    "chunk-OIBNGD5S": {
      "file": "chunk-OIBNGD5S.js"
    },
    "chunk-KP2YKL5S": {
      "file": "chunk-KP2YKL5S.js"
    },
    "chunk-FO3GKUQH": {
      "file": "chunk-FO3GKUQH.js"
    },
    "chunk-6HGY4GNP": {
      "file": "chunk-6HGY4GNP.js"
    },
    "chunk-FHGA2H5Z": {
      "file": "chunk-FHGA2H5Z.js"
    },
    "chunk-4NEU4DVF": {
      "file": "chunk-4NEU4DVF.js"
    },
    "chunk-NAQFPVIH": {
      "file": "chunk-NAQFPVIH.js"
    },
    "chunk-JOOLZDAV": {
      "file": "chunk-JOOLZDAV.js"
    },
    "chunk-EVOPICZG": {
      "file": "chunk-EVOPICZG.js"
    },
    "chunk-H5YWAFFV": {
      "file": "chunk-H5YWAFFV.js"
    },
    "chunk-V77X7YKW": {
      "file": "chunk-V77X7YKW.js"
    },
    "chunk-LG2PF3GJ": {
      "file": "chunk-LG2PF3GJ.js"
    },
    "chunk-J42VT4KC": {
      "file": "chunk-J42VT4KC.js"
    },
    "chunk-DII3WK5U": {
      "file": "chunk-DII3WK5U.js"
    },
    "chunk-PBZAM7O7": {
      "file": "chunk-PBZAM7O7.js"
    },
    "chunk-2O4WY5GE": {
      "file": "chunk-2O4WY5GE.js"
    },
    "chunk-OJ4U43TX": {
      "file": "chunk-OJ4U43TX.js"
    },
    "chunk-33355KQX": {
      "file": "chunk-33355KQX.js"
    },
    "chunk-LSTV3PRR": {
      "file": "chunk-LSTV3PRR.js"
    },
    "chunk-RJGJOCDO": {
      "file": "chunk-RJGJOCDO.js"
    },
    "chunk-AGNQCSRT": {
      "file": "chunk-AGNQCSRT.js"
    },
    "chunk-DW34IYWI": {
      "file": "chunk-DW34IYWI.js"
    },
    "chunk-VVYDJ66K": {
      "file": "chunk-VVYDJ66K.js"
    },
    "chunk-OTP2NPEO": {
      "file": "chunk-OTP2NPEO.js"
    },
    "chunk-WITXUYTZ": {
      "file": "chunk-WITXUYTZ.js"
    },
    "chunk-L6TKACST": {
      "file": "chunk-L6TKACST.js"
    },
    "chunk-FHR4W3ZE": {
      "file": "chunk-FHR4W3ZE.js"
    },
    "chunk-6CHVVP4N": {
      "file": "chunk-6CHVVP4N.js"
    },
    "chunk-EPAV4CNQ": {
      "file": "chunk-EPAV4CNQ.js"
    }
  }
}